Lettuce,Avocado,Tomato,Nuts,Beetroot,Feta,Pepper
0,14.7,16.1,16.0,19.5,20.4,17.6,23.1
1,11.1,16.7,19.3,17.2,28.7,14.6,21.8
2,27.5,22.9,25.9,9.5,30.0,24.3,16.3
3,13.3,16.3,17.6,18.6,25.3,12.4,17.0
4,20.6,28.6,24.8,22.2,14.0,10.8,11.2
5,13.4,14.6,15.6,19.8,28.5,15.9,21.3
6,29.1,20.7,24.7,10.4,30.9,29.9,12.3
7,14.9,14.0,16.6,22.4,17.4,17.9,21.5
8,15.1,13.8,15.3,21.0,18.5,13.2,22.7
9,26.5,23.2,21.3,10.7,30.9,26.4,13.7
10,23.4,10.9,23.3,13.5,8.5,24.3,29.6
11,13.1,17.7,18.2,16.8,28.3,14.1,21.1
12,21.9,11.7,23.2,13.3,10.6,29.3,26.9
13,22.7,10.8,24.5,14.1,12.1,29.8,28.5
14,14.2,28.3,26.6,23.4,13.6,13.1,12.4
15,11.3,14.2,19.1,18.4,27.3,13.7,19.3
16,30.5,20.4,26.0,13.0,27.9,27.8,12.8
17,14.0,16.8,16.8,20.8,25.5,13.1,19.5
18,14.7,12.5,16.1,19.5,15.7,14.8,23.2
19,20.2,10.9,20.9,13.9,9.4,30.2,32.4
20,12.9,11.9,15.6,20.7,18.7,18.4,23.0
21,12.5,15.4,16.4,21.9,19.5,18.0,22.7
22,17.3,28.8,25.8,21.3,14.3,14.7,10.6
23,23.0,10.3,21.7,14.7,11.6,28.4,30.9
24,27.4,22.2,26.7,10.1,29.5,27.0,13.6
25,15.4,14.1,16.0,19.2,20.3,16.5,21.2
26,14.8,15.2,17.9,18.7,20.8,15.0,18.9
27,15.9,12.6,18.0,18.7,20.7,15.1,22.3
28,15.9,28.9,25.2,20.8,11.1,12.6,10.1
29,20.3,27.9,22.7,21.6,15.9,13.1,9.8
30,23.2,13.1,20.0,13.8,10.8,30.0,27.5
31,20.5,12.2,22.0,13.1,11.7,30.1,27.9
32,12.1,12.5,15.1,21.8,18.4,13.8,22.3
33,14.4,14.1,16.6,22.5,19.7,15.6,20.5
34,13.4,13.1,17.9,18.0,25.0,14.7,20.4
35,12.6,13.1,15.6,18.7,18.2,16.1,23.8
36,12.0,16.0,17.4,19.2,24.4,13.7,21.4
37,13.0,17.3,17.8,22.5,22.8,13.9,20.3
38,13.7,13.0,17.9,20.4,26.6,13.9,20.8
39,20.5,28.9,22.3,21.4,13.9,13.9,9.5
40,22.3,11.1,23.4,12.5,11.4,28.0,30.4
41,18.7,27.0,24.1,21.9,13.8,12.0,11.0
42,25.0,25.0,25.0,14.4,28.2,28.1,15.4
43,28.1,19.3,23.1,7.699999999999999,31.2,29.0,15.4
44,14.0,12.9,17.8,19.9,20.3,16.7,23.6
45,23.3,14.6,19.6,15.3,11.5,31.1,30.4
46,20.0,30.4,24.3,20.9,12.1,13.2,10.8
47,26.9,23.0,21.9,10.2,29.5,26.7,11.8
48,17.5,29.2,25.3,21.8,14.7,10.0,15.6
49,13.2,15.1,16.8,20.6,18.9,15.0,21.9
50,27.3,20.6,22.9,8.9,30.9,25.7,11.4
51,20.0,11.1,22.5,13.9,11.3,27.9,29.2
52,15.2,16.5,19.7,18.8,23.1,15.3,17.6
53,16.5,12.6,20.8,14.0,11.8,30.9,29.6
54,21.9,10.6,21.7,9.8,9.4,29.9,30.5
55,29.1,21.2,24.4,9.2,32.7,26.2,14.4
56,24.5,21.6,21.8,11.6,31.0,25.4,14.9
57,13.8,27.7,24.5,21.9,13.5,13.6,13.4
58,14.2,14.3,18.6,17.6,25.5,15.1,18.5
59,19.1,28.8,26.0,23.3,10.3,11.8,8.8
60,22.8,11.5,24.4,15.1,11.8,28.3,29.6
61,12.9,15.8,15.2,21.0,18.0,17.0,20.6
62,12.3,14.7,15.8,20.9,28.2,12.5,22.4
63,23.2,12.6,21.1,12.3,10.3,26.6,27.4
64,24.9,10.7,20.9,14.3,10.7,29.6,28.3
65,16.5,26.5,26.1,21.4,13.5,13.4,10.7
66,29.6,23.4,23.3,10.6,28.5,25.6,14.8
67,12.9,13.2,14.5,17.8,20.4,17.8,22.0
68,22.6,12.4,22.9,13.1,11.6,30.3,28.6
69,12.6,12.4,18.6,20.0,21.1,17.3,22.8
70,27.2,22.0,25.0,10.3,32.4,27.0,15.8
71,18.4,12.6,23.1,15.9,9.5,31.2,28.2
72,12.8,15.5,18.8,17.8,25.8,13.5,18.9
73,19.1,29.2,26.1,21.7,15.1,13.7,14.4
74,30.9,22.1,24.7,9.2,28.9,26.0,13.4
75,21.9,10.5,19.7,14.8,14.4,27.7,30.8
76,22.0,13.5,25.2,10.8,11.6,29.1,28.7
77,20.8,8.6,21.4,12.2,10.7,29.9,26.7
78,28.5,21.4,22.8,9.1,29.2,27.4,12.2
79,18.8,29.8,23.6,19.3,11.3,12.1,12.9
80,19.8,8.3,19.3,15.0,10.1,29.2,29.1
81,18.4,26.7,23.4,24.0,11.8,14.0,8.5
82,14.8,27.5,24.9,22.1,13.9,15.5,11.0
83,17.3,30.2,25.2,18.4,12.6,13.4,9.0
84,18.8,27.6,23.4,22.0,14.2,11.5,5.9
85,13.2,12.7,16.0,20.9,20.2,16.0,21.4
86,16.3,31.1,26.7,24.1,11.8,13.2,10.4
87,15.5,28.9,21.6,20.0,15.4,15.1,11.0
88,12.6,15.8,14.4,19.9,18.3,16.7,23.9
89,16.2,29.6,23.2,22.9,13.5,12.1,12.8
90,12.1,15.3,17.8,17.8,26.2,14.7,19.6
91,22.4,9.6,20.9,15.8,10.9,30.0,27.9
92,12.0,15.6,17.8,15.4,22.1,13.5,20.0
93,25.8,10.7,20.1,13.8,11.0,29.5,29.1
94,27.4,21.6,20.6,11.0,29.6,28.9,15.2
95,28.4,23.0,25.0,10.0,30.0,26.4,15.1
96,21.4,10.2,21.5,15.2,10.9,28.0,29.4
97,13.4,12.6,17.5,23.2,17.7,15.2,22.0
98,16.3,30.6,24.7,23.3,14.7,11.7,13.2
99,16.8,29.1,28.2,22.6,14.5,12.8,11.3
100,28.4,20.5,24.9,10.9,29.4,26.5,14.1
101,14.8,28.3,26.4,20.2,14.3,14.1,10.1
102,22.2,9.4,25.7,12.9,12.3,29.0,27.5
103,14.4,16.1,17.3,19.7,24.5,12.5,19.9
104,13.4,13.2,16.2,20.1,20.8,12.5,21.4
105,10.8,16.6,19.0,22.0,27.8,14.8,18.0
106,14.8,14.9,17.9,18.9,26.6,16.3,19.9
107,12.7,14.3,15.8,20.4,22.8,14.5,20.0
108,13.4,15.7,16.5,20.8,17.0,14.1,22.3
109,29.6,20.9,24.4,10.2,28.1,24.5,11.6
110,17.3,12.9,13.4,22.7,17.4,15.3,20.6
111,16.5,27.9,24.1,22.3,14.5,14.7,12.1
112,15.7,14.7,19.3,17.4,26.4,14.4,22.7
113,24.2,22.7,22.3,9.1,28.4,26.3,14.3
114,21.2,11.3,24.2,13.5,11.3,30.1,29.4
115,28.6,21.4,23.8,11.1,28.6,25.9,14.7
116,12.3,13.7,17.8,20.9,27.4,13.2,22.2
117,22.5,10.5,22.6,11.8,10.1,26.9,28.2
118,17.6,27.7,24.1,24.3,13.3,13.9,9.3
119,14.3,18.4,13.6,19.3,25.2,13.8,19.1
120,18.9,9.8,22.8,13.8,10.2,30.7,28.3
121,15.8,14.2,15.6,20.4,20.2,15.5,21.2
122,11.5,14.8,14.8,20.5,15.8,15.2,20.5
123,12.6,13.3,17.3,20.5,17.7,14.7,22.1
124,11.9,15.3,18.4,18.3,26.3,14.5,20.5
125,23.6,10.2,21.4,14.7,8.8,28.5,29.0
126,28.2,22.7,23.0,10.7,28.2,26.6,11.8
127,25.0,9.9,23.2,12.9,9.6,29.3,29.9
128,20.8,12.2,21.0,12.5,9.7,30.0,29.2
129,23.2,10.6,22.6,14.4,10.7,30.2,28.5
130,14.1,14.5,14.6,19.0,20.1,17.4,20.6
131,11.6,16.2,15.3,18.1,23.2,15.4,19.8
132,27.0,22.7,23.5,11.5,29.7,27.1,15.6
133,12.5,16.1,17.6,19.7,26.5,13.7,18.9
134,13.2,15.0,15.2,18.3,24.9,15.5,18.7
135,13.7,15.3,12.9,18.4,18.7,16.5,23.5
136,22.4,8.5,25.3,14.0,12.1,28.4,31.0
137,12.8,16.2,16.5,16.8,28.3,16.1,19.7
138,22.7,11.8,21.0,12.8,12.0,27.8,31.1
139,13.5,14.2,16.4,21.3,20.8,17.0,22.7
140,22.0,9.4,21.8,14.9,10.1,28.9,27.9
141,17.6,28.9,25.8,25.8,13.9,12.2,11.0
142,11.2,10.6,16.9,20.8,17.9,13.2,21.2
143,25.7,20.7,22.3,9.1,29.5,27.4,15.7
144,16.7,30.5,24.6,21.5,15.1,16.4,12.2
145,25.6,19.4,22.6,10.8,29.5,27.7,14.4
146,29.4,23.8,24.6,11.6,28.4,26.9,12.5
147,12.2,14.9,18.2,18.9,27.4,14.5,19.3
148,14.0,13.6,14.9,23.5,20.1,14.2,23.5
149,11.8,15.3,17.5,21.4,18.8,12.2,22.1
150,17.5,28.0,23.5,22.1,12.9,13.9,9.6
151,14.2,15.0,16.6,16.4,27.1,15.6,21.9
152,16.8,29.1,24.9,22.6,11.5,14.1,9.5
153,22.1,10.3,23.3,13.1,10.3,29.4,27.8
154,13.6,14.9,16.1,20.9,18.1,18.4,20.7
155,10.7,14.0,13.2,20.5,25.7,15.6,18.6
156,11.2,15.2,17.1,16.5,24.3,15.6,21.4
157,11.9,14.5,15.6,20.0,19.6,15.1,20.1
158,12.1,13.3,17.2,21.8,20.5,18.7,23.5
159,12.6,15.4,15.4,19.0,24.0,11.5,20.5
160,13.1,14.9,17.3,21.8,18.9,16.7,23.3
161,12.6,15.2,16.5,20.8,28.6,13.1,22.0
162,14.8,14.1,13.4,18.3,27.4,11.4,18.5
163,26.4,11.9,21.1,13.1,10.0,25.4,29.8
164,27.7,22.4,26.8,9.9,29.8,25.7,15.6
165,13.9,16.6,19.3,21.1,26.2,12.7,19.5
166,17.8,30.3,23.1,19.6,14.3,12.3,9.1
167,11.2,13.5,16.8,19.9,19.3,14.5,22.0
168,27.4,22.8,23.3,10.5,30.3,26.5,12.4
169,25.3,22.8,22.9,10.7,29.5,25.1,15.8
170,20.1,10.8,22.4,16.4,10.6,28.9,27.4
171,13.9,15.9,15.8,17.3,23.5,16.2,21.5
172,19.6,12.4,24.1,12.5,10.7,30.8,29.1
173,30.8,22.2,24.0,10.1,28.7,23.3,13.9
174,12.3,14.2,18.7,21.5,20.2,17.1,22.2
175,22.2,9.8,23.5,12.8,9.3,28.6,30.2
176,26.3,22.0,25.0,10.5,29.1,25.7,13.3
177,12.7,17.1,20.5,20.0,21.9,13.9,20.4
178,12.5,13.2,16.2,18.2,16.5,16.7,22.0
179,14.7,13.0,17.5,20.8,25.6,12.6,19.4
180,17.4,29.6,26.6,21.5,13.7,12.6,10.3
181,13.4,12.7,16.3,21.6,16.1,16.3,23.5
182,11.6,16.0,17.0,19.5,28.1,14.1,19.3
183,19.1,9.7,23.8,12.3,11.1,31.1,28.8
184,26.2,22.2,26.5,10.1,29.7,28.1,13.1
185,12.0,14.5,19.5,19.1,26.9,15.9,20.5
186,13.8,12.9,15.5,20.4,18.4,15.9,21.2
187,14.1,30.6,23.4,19.6,13.1,12.8,12.4
188,17.2,28.0,28.3,21.2,14.7,11.5,11.7
189,20.6,11.1,24.4,12.6,11.3,26.3,28.3
190,25.4,10.6,22.3,14.3,10.3,29.1,28.3
191,21.3,11.7,21.8,12.4,11.8,31.4,30.0
192,24.6,22.5,25.1,8.8,29.2,26.7,15.1
193,28.1,20.1,22.7,11.0,28.4,26.6,13.4
194,26.4,22.5,22.7,11.0,31.5,27.1,13.7
195,21.8,11.2,26.3,12.5,13.9,28.4,29.0
196,22.1,13.3,21.7,13.4,13.5,28.5,30.1
197,30.0,21.9,22.9,8.5,29.3,26.0,17.3
198,15.0,14.5,14.9,20.3,17.9,19.8,23.0
199,11.2,15.8,18.0,18.8,26.7,12.8,21.8
200,10.5,14.1,17.3,18.0,25.3,13.3,21.8
201,12.3,12.6,16.7,19.8,19.2,15.5,22.3
202,28.5,23.1,23.1,11.6,28.6,29.4,13.0
203,27.5,23.6,23.3,7.9,30.4,22.8,13.1
204,14.1,12.2,14.4,20.6,16.1,12.6,23.0
205,13.1,12.6,16.8,20.8,27.6,12.5,21.7
206,29.7,23.0,23.9,11.4,27.5,25.6,12.6
207,18.2,29.0,23.8,21.6,12.5,16.7,11.1
208,14.3,11.6,16.4,22.6,19.7,16.1,24.8
209,29.3,22.1,24.4,10.1,29.7,30.3,13.8
210,15.0,29.4,23.1,21.2,13.4,14.4,9.8
211,12.2,14.7,18.5,20.8,24.3,13.1,20.0
212,12.6,13.4,15.1,19.4,16.0,15.5,19.7
213,27.4,23.2,24.3,12.3,28.3,27.0,13.5
214,18.3,30.6,25.4,24.0,16.9,12.6,10.9
215,11.7,13.3,17.4,14.8,26.6,14.1,21.0
216,21.9,13.9,22.0,15.8,11.9,27.5,29.5
217,17.2,28.1,22.4,23.6,12.9,12.5,12.9
218,13.2,13.3,19.9,19.5,17.4,16.0,24.0
219,12.1,14.7,13.8,21.4,20.2,16.6,23.3
220,22.1,11.6,22.0,11.7,11.1,29.8,29.1
221,16.1,14.7,15.5,19.4,27.4,12.6,20.3
222,12.4,15.5,16.0,19.7,16.7,16.6,22.9
223,26.7,21.0,22.1,7.6,30.6,26.4,15.4
224,13.1,14.8,17.3,19.3,24.6,15.5,20.6
225,28.7,23.4,24.5,11.5,28.4,26.8,13.5
226,18.9,11.6,22.5,12.2,9.2,30.5,29.6
227,22.5,10.4,23.5,12.0,13.0,28.9,27.3
228,19.1,30.4,24.7,21.2,10.9,11.9,12.3
229,11.8,10.7,17.1,19.4,19.1,18.1,21.3
230,29.0,22.5,23.4,8.0,30.2,25.0,13.2
231,19.8,12.4,24.3,11.6,9.2,28.8,28.4
232,18.8,28.1,25.1,22.4,13.2,14.4,13.3
233,27.8,22.4,25.4,9.2,31.2,26.4,15.6
234,29.3,21.9,20.8,9.7,30.9,27.5,13.0
235,12.2,10.2,16.3,22.1,20.1,17.0,22.1
236,17.7,27.0,23.5,23.3,12.8,14.9,12.0
237,23.5,8.7,22.8,13.0,10.4,29.3,29.4
238,16.9,14.6,14.7,17.5,19.9,15.3,22.0
239,21.2,8.5,21.0,14.7,13.7,30.0,31.6
240,13.1,16.6,19.4,19.0,24.8,15.3,20.0
241,27.4,22.4,24.2,9.8,30.1,26.0,16.0
242,12.4,10.3,16.7,20.2,19.1,18.8,22.2
243,21.2,9.0,23.3,14.0,11.8,25.1,28.5
244,14.2,14.4,16.9,19.0,17.6,14.8,21.7
245,15.9,12.7,15.1,23.0,17.0,13.3,21.0
246,15.6,27.2,24.9,22.4,12.7,12.9,12.0
247,23.9,10.5,23.5,13.8,13.9,26.8,27.6
248,16.7,17.2,16.9,18.7,26.8,15.0,20.6
249,25.6,20.5,24.1,7.5,32.5,24.9,14.2
250,12.9,15.2,18.1,17.9,24.9,13.0,21.6
251,19.7,12.0,22.9,12.9,13.7,28.1,29.1
252,11.9,13.8,17.7,22.8,17.6,16.6,22.5
253,21.8,10.7,25.4,16.2,10.2,25.9,29.2
254,18.0,26.6,26.1,23.9,13.7,15.6,9.2
255,16.9,29.5,24.6,23.1,11.4,12.0,12.3
256,12.8,16.7,16.6,22.9,17.9,15.4,22.6
257,12.1,15.1,15.7,21.7,17.7,15.9,24.1
258,15.3,30.8,26.6,20.7,14.0,14.9,11.5
259,28.8,21.3,22.4,12.2,28.9,28.0,15.4
260,12.8,15.5,19.6,19.1,26.1,14.4,17.8
261,15.3,14.8,18.2,19.8,16.0,17.4,22.8
262,12.8,16.7,14.7,18.6,23.2,14.9,19.3
263,10.4,17.8,19.1,19.0,27.2,16.8,21.4
264,12.8,15.3,14.9,20.8,27.1,17.0,23.7
265,16.4,28.2,25.4,22.3,16.2,15.5,12.6
266,18.5,29.2,21.8,23.9,12.2,16.3,12.2
267,17.7,29.6,21.7,21.0,14.7,14.4,11.6
268,19.1,26.5,24.0,20.1,12.9,14.1,12.6
269,16.2,27.3,24.8,22.8,14.5,14.5,12.3
270,12.5,14.5,17.4,19.4,23.6,15.2,21.8
271,21.4,9.8,21.7,13.9,12.7,28.6,27.5
272,14.3,13.1,14.6,19.7,20.4,16.0,21.0
273,27.1,19.9,26.0,10.2,28.3,28.3,12.5
274,26.2,22.1,25.5,9.0,29.4,28.2,15.0
275,17.2,29.8,23.3,21.9,16.1,14.6,11.6
276,26.5,20.5,23.6,11.1,29.4,27.7,16.1
277,14.0,29.3,28.6,21.7,13.2,15.8,12.0
278,26.7,22.4,23.1,9.2,30.7,27.6,16.2
279,10.3,17.0,16.1,18.9,26.9,14.4,20.1
280,22.6,10.2,24.4,14.0,9.9,30.0,30.9
281,19.0,11.6,23.4,13.1,11.7,28.5,30.4
282,15.4,13.1,15.2,18.8,22.3,16.2,22.3
283,18.8,29.3,22.8,23.5,15.1,14.2,9.7
284,23.3,9.6,22.5,13.4,11.1,28.2,30.2
285,15.7,16.2,18.7,17.8,23.3,12.2,20.1
286,27.1,23.9,25.9,12.2,26.8,27.0,15.4
287,26.6,21.7,26.3,10.4,29.1,26.8,14.0
288,17.2,28.4,25.4,23.7,13.5,13.6,13.2
289,11.7,14.3,16.9,19.2,25.3,13.9,20.6
290,20.0,10.5,22.6,14.1,10.5,28.3,29.5
291,17.8,29.7,25.0,20.3,11.1,16.0,11.4
292,12.8,13.7,16.3,16.5,27.6,15.1,19.5
293,13.3,15.0,16.8,21.3,18.9,14.5,20.7
294,15.3,12.5,15.9,21.9,19.0,16.3,23.4
295,13.9,12.5,17.0,20.1,17.0,15.4,20.7
296,16.8,29.2,25.2,21.2,12.9,10.1,12.3
297,20.4,9.7,24.2,15.4,10.8,30.8,29.1
298,21.5,7.199999999999999,19.6,10.7,12.9,29.0,27.4
299,22.0,9.1,21.7,12.9,11.0,30.1,29.5
300,25.4,24.4,22.4,11.7,30.4,26.3,13.9
301,12.8,15.2,16.8,19.1,28.1,12.1,21.3
302,10.7,14.6,16.4,19.3,25.8,16.0,19.2
303,12.0,11.9,17.4,21.4,17.9,14.1,24.4
304,27.5,23.1,22.9,8.0,32.6,25.0,15.5
305,18.9,26.4,26.4,20.0,12.8,14.7,11.3
306,18.3,31.7,23.3,22.0,12.7,13.0,10.9
307,26.8,21.3,25.6,12.0,30.5,25.2,14.9
308,14.5,16.1,16.5,18.2,23.6,13.2,19.9
309,11.1,18.5,13.4,18.6,25.9,14.8,18.9
310,26.9,22.1,23.8,13.1,29.7,25.4,15.1
311,10.7,16.0,16.5,19.9,25.5,12.8,19.1
312,18.9,28.7,25.9,21.6,12.2,16.0,12.8
313,16.5,15.2,16.4,21.8,23.5,11.2,20.5
314,14.1,28.9,24.7,22.7,14.9,14.4,10.2
315,20.3,9.5,21.7,13.0,12.7,28.0,30.0
316,14.4,12.1,17.2,20.7,21.3,15.4,22.9
317,26.5,22.6,24.3,8.9,28.1,27.2,13.9
318,15.2,13.0,15.1,22.0,16.9,13.8,23.3
319,26.4,21.7,23.0,10.5,28.5,27.7,15.8
320,18.9,31.6,26.0,22.0,12.6,14.1,9.3
321,28.8,25.5,24.4,13.3,29.0,28.1,15.9
322,27.5,21.3,23.7,10.7,29.2,24.6,15.6
323,11.6,13.3,18.2,19.4,27.2,12.9,21.4
324,12.0,13.8,16.0,18.4,20.3,14.6,21.3
325,10.9,15.0,16.4,22.6,18.8,14.6,21.9
326,16.6,28.5,26.1,24.2,13.7,14.0,10.2
327,13.3,12.0,16.6,19.9,17.9,14.9,22.1
328,14.6,10.5,17.4,19.2,19.2,13.9,22.7
329,11.4,13.0,17.6,20.1,20.2,15.0,19.3
330,10.2,14.5,18.5,22.2,19.7,15.2,23.4
331,25.4,21.3,24.6,9.0,30.4,28.5,13.4
332,17.9,29.5,26.0,22.6,13.7,14.2,11.9
333,18.6,29.7,25.6,20.6,13.6,15.0,11.9
334,17.9,28.4,25.4,22.0,14.9,11.0,11.4
335,14.6,12.6,17.0,19.9,18.0,17.2,23.6
336,19.5,26.4,25.8,19.9,15.0,9.9,8.5
337,25.8,24.2,23.8,8.6,28.0,26.0,14.3
338,18.7,12.7,23.7,13.5,12.2,29.8,29.1
339,27.8,20.9,21.8,8.4,27.0,27.0,14.5
340,16.0,28.0,23.2,19.5,15.8,11.3,9.9
341,29.4,20.3,24.3,9.3,30.7,23.9,14.2
342,15.0,16.1,15.8,20.4,16.8,18.7,20.1
343,15.0,12.9,15.3,19.2,15.8,16.2,24.8
344,29.1,20.7,20.7,9.7,28.1,23.2,14.7
345,22.4,11.1,20.8,14.7,12.5,27.3,29.9
346,11.3,13.2,16.5,19.2,17.4,15.0,24.1
347,13.3,11.5,17.1,17.7,20.2,16.5,22.9
348,16.2,30.8,25.2,24.0,11.4,10.7,11.9
349,11.9,14.2,18.5,22.4,25.1,13.0,19.2
350,31.4,19.3,23.1,12.6,28.9,28.0,14.6
351,21.7,12.4,23.4,13.0,9.1,31.0,30.2
352,20.8,9.8,17.9,12.6,13.3,25.9,27.9
353,19.1,28.1,25.9,18.5,12.8,14.1,13.1
354,15.5,13.9,16.6,21.0,15.5,15.5,21.9
355,19.8,11.6,23.1,11.4,10.8,30.8,30.2
356,14.2,29.6,24.2,23.4,12.7,15.1,10.1
357,12.9,15.0,16.5,20.6,27.3,11.4,21.4
358,21.1,11.5,22.8,13.0,7.4,27.0,30.2
359,16.4,29.3,23.0,23.5,14.1,12.4,10.5
360,12.3,14.0,16.2,22.9,21.6,14.7,22.2
361,12.9,18.6,16.0,22.6,26.3,14.6,19.4
362,13.5,12.9,17.9,19.6,15.9,16.8,20.4
363,23.8,10.1,22.1,13.4,11.5,29.6,27.9
364,11.8,14.4,17.2,21.6,24.4,10.1,20.4
365,14.4,15.7,18.0,19.7,24.5,14.8,22.7
366,13.5,16.1,18.3,18.6,25.3,14.7,19.6
367,16.2,31.3,22.3,21.5,11.2,12.2,11.4
368,20.2,12.1,21.9,13.6,11.5,29.1,31.6
369,12.4,11.6,18.6,19.2,21.0,14.5,23.0
370,11.9,15.5,17.1,19.8,27.0,14.2,19.8
371,26.6,22.0,22.4,8.1,31.6,23.9,17.7
372,13.3,14.5,19.4,20.9,17.3,15.3,21.1
373,27.4,22.5,23.5,8.0,28.3,26.9,14.5
374,16.2,28.6,25.0,25.0,13.3,15.4,11.4
375,14.4,13.4,18.2,22.2,16.9,16.6,24.5
376,13.9,13.9,15.5,22.9,17.0,16.4,20.8
377,20.5,28.9,27.3,19.5,12.3,14.3,11.4
378,23.9,10.4,19.3,16.4,12.1,30.1,27.8
379,17.3,27.6,25.8,20.3,14.0,12.4,11.5
380,13.6,15.1,15.8,21.9,23.2,13.6,20.4
381,16.4,15.3,15.9,18.7,17.2,17.2,21.3
382,22.0,8.0,23.6,12.8,9.4,28.3,26.5
383,28.6,22.8,25.2,11.0,28.5,27.7,16.0
384,27.5,22.7,27.3,8.7,27.5,27.7,17.2
385,10.7,17.8,17.8,17.5,25.0,15.8,19.9
386,12.4,15.7,19.9,22.7,26.3,13.8,17.9
387,24.2,12.4,21.3,14.0,12.5,29.1,28.4
388,11.8,14.6,18.4,18.9,27.5,13.3,19.8
389,22.3,11.3,20.9,13.2,9.1,28.5,30.8
390,17.7,27.7,24.6,21.2,10.4,13.7,10.5
391,27.2,22.4,24.5,11.8,27.1,24.4,15.0
392,10.4,14.7,17.6,18.8,23.9,11.4,20.4
393,29.7,20.9,23.5,12.3,30.6,28.3,12.2
394,25.2,22.2,23.6,11.2,29.9,26.6,14.2
395,10.6,15.3,16.8,19.5,27.0,12.1,18.6
396,19.8,28.4,24.0,22.4,13.1,14.5,10.4
397,22.9,12.3,23.2,15.0,13.6,27.2,28.1
398,27.6,22.9,27.0,8.8,28.9,27.0,16.0
399,28.3,21.3,25.7,14.4,29.0,26.9,14.8
400,14.1,13.2,12.9,20.2,19.4,15.3,22.2
401,29.3,21.2,21.4,10.7,29.9,28.7,16.0
402,26.7,20.9,25.9,9.6,28.1,25.6,13.4
403,17.6,28.0,24.4,20.4,12.8,13.8,10.3
404,28.1,22.0,24.6,10.3,31.1,28.8,12.5
405,14.5,15.7,18.6,18.6,25.8,13.8,19.8
406,14.3,13.2,15.8,20.8,17.3,17.3,22.7
407,10.4,16.5,18.2,21.8,26.7,15.2,19.9
408,13.0,18.2,20.9,18.4,25.1,13.6,21.2
409,15.7,16.5,14.8,19.9,25.4,14.0,21.5
410,24.6,21.8,22.5,10.1,32.9,27.1,15.6
411,25.5,23.3,24.6,11.4,27.9,26.9,11.7
412,13.7,15.5,15.9,20.2,17.9,16.3,22.7
413,13.2,15.3,17.0,23.7,17.5,17.1,20.7
414,14.7,15.7,17.0,22.1,21.7,17.3,22.7
415,10.7,15.2,18.0,20.1,25.9,13.6,20.1
416,18.6,28.3,25.4,24.4,15.5,11.6,11.9
417,10.5,18.6,16.2,19.4,23.5,14.1,19.2
418,22.4,9.6,25.5,14.0,12.3,28.6,28.1
419,26.4,22.3,22.5,11.6,30.7,27.5,14.6
420,13.5,17.8,17.9,18.9,27.4,10.5,19.5
421,12.2,15.8,19.1,17.4,26.8,15.2,21.5
422,18.9,28.5,25.4,21.9,13.5,12.8,12.2
423,16.6,30.4,25.1,21.0,11.6,12.9,10.4
424,13.4,14.8,18.6,20.8,26.5,13.4,20.0
425,20.8,9.5,21.5,11.7,11.6,30.1,30.3
426,14.8,11.9,16.9,22.0,18.1,17.6,23.0
427,27.6,21.6,23.5,10.6,30.0,26.5,10.0
428,19.2,31.0,24.3,20.3,12.9,14.1,9.3
429,22.1,11.0,24.4,12.2,10.6,27.7,27.1
430,14.8,12.5,15.4,20.2,16.9,14.7,22.5
431,27.4,19.3,23.2,6.1,29.8,27.1,13.1
432,26.9,24.6,24.3,9.4,27.9,27.6,12.9
433,11.6,15.7,16.3,18.2,28.1,14.0,20.5
434,17.4,30.2,24.8,22.6,12.8,14.8,11.0
435,20.7,13.8,20.0,13.0,10.3,28.7,31.4
436,18.8,29.2,23.3,22.4,13.4,14.0,9.8
437,26.6,19.1,25.3,11.7,31.3,27.4,15.5
438,13.3,14.0,16.9,19.6,28.5,12.2,21.1
439,20.6,9.6,19.8,13.9,9.4,29.0,30.2
440,17.2,28.5,22.9,23.2,14.7,13.6,10.6
441,11.9,11.5,18.4,18.7,28.0,14.6,19.5
442,17.5,31.0,26.1,22.3,13.4,11.4,8.9
443,16.5,31.1,22.7,19.1,14.5,13.2,11.4
444,23.0,11.0,22.6,13.8,10.4,26.3,27.5
445,28.5,21.7,22.4,9.3,29.7,26.9,14.6
446,25.8,20.5,23.0,12.2,30.6,26.3,15.9
447,26.6,21.9,24.8,8.8,28.9,23.9,13.7
448,14.3,16.8,18.0,20.5,23.7,14.3,20.2
449,25.9,21.4,23.9,9.3,28.2,29.2,14.1
450,17.0,27.8,23.1,20.4,10.2,11.3,9.6
451,16.2,29.0,28.2,23.5,12.5,15.5,10.6
452,13.1,15.6,17.7,21.2,16.9,14.8,20.7
453,27.8,22.0,24.8,9.3,27.2,23.8,15.7
454,15.2,11.3,17.5,21.5,16.3,15.5,22.7
455,17.1,29.5,23.0,22.5,13.0,13.5,11.6
456,14.1,15.0,17.6,20.6,24.9,11.5,22.5
457,16.4,27.3,25.8,23.9,13.8,14.5,9.9
458,21.7,9.7,21.0,16.1,12.6,28.6,30.3
459,16.8,29.3,25.5,23.3,14.9,12.4,10.2
460,28.0,23.1,23.9,9.1,29.4,25.9,13.1
461,16.2,16.1,17.5,17.9,21.4,17.2,21.1
462,17.2,29.0,24.9,21.0,13.3,11.9,12.2
463,10.4,13.2,17.8,19.7,17.0,14.9,22.1
464,11.0,15.3,21.1,19.1,26.1,11.7,20.5
465,12.2,14.8,17.1,21.4,24.8,13.3,21.0
466,26.3,22.8,20.4,10.5,28.8,25.2,15.0
467,27.9,21.7,26.2,8.7,29.3,27.0,13.7
468,25.5,21.0,23.3,8.1,29.4,27.0,14.0
469,27.9,23.0,24.2,9.3,26.9,25.7,18.3
470,27.9,24.3,25.3,9.5,27.0,26.4,14.0
471,17.1,26.5,24.6,22.6,14.8,11.0,11.0
472,27.7,22.5,26.9,10.9,28.9,23.7,14.0
473,14.7,12.1,17.0,18.5,17.4,16.9,23.8
474,21.7,9.3,22.7,13.4,12.1,29.3,28.3
475,11.1,14.5,19.6,19.2,25.9,14.2,22.4
476,18.0,28.5,22.2,19.9,13.9,14.7,13.5
477,22.1,11.7,22.8,13.5,13.4,29.9,28.6
478,11.8,18.3,16.2,18.2,23.8,14.4,20.2
479,17.0,28.7,25.9,20.6,13.5,13.5,13.6
480,13.6,15.9,20.5,20.0,25.0,15.2,17.8
481,18.7,28.8,22.6,23.5,10.4,10.3,11.7
482,24.0,9.8,21.7,12.1,10.5,26.1,28.7
483,27.3,19.6,23.4,10.7,30.7,25.7,17.5
484,23.5,8.5,21.1,10.7,12.1,30.8,29.0
485,17.5,26.6,25.5,21.0,14.6,12.7,11.1
486,15.1,16.0,14.4,23.5,17.5,16.1,23.0
487,20.2,11.8,19.0,14.4,9.7,29.4,31.3
488,15.5,15.3,18.9,19.6,25.2,12.0,20.6
489,11.1,17.7,20.7,19.1,24.1,14.0,21.8
490,15.3,17.2,14.8,19.1,25.7,13.7,21.2
491,21.2,11.1,20.3,13.4,10.6,27.3,32.3
492,10.3,15.6,15.6,20.0,20.9,15.1,21.0
493,12.3,16.3,18.9,17.5,27.2,12.9,23.5
494,26.7,22.4,22.1,11.5,31.6,25.9,12.6
495,22.0,12.2,21.5,11.7,11.9,30.5,30.6
496,10.2,14.9,18.9,18.3,28.1,15.8,20.7
497,18.1,28.7,24.0,21.4,13.4,10.4,12.6
498,27.4,24.4,23.7,12.4,27.6,25.8,12.1
499,21.9,12.1,21.6,12.2,12.5,27.7,30.3
500,20.3,9.3,22.7,12.9,9.4,32.2,27.6
501,15.7,12.0,15.5,21.0,20.0,15.3,19.4
502,14.3,14.5,18.1,21.8,19.4,14.4,26.8
503,27.0,20.7,24.6,10.6,26.2,26.6,15.9
504,11.1,15.0,19.5,17.5,28.9,12.7,21.4
505,13.5,29.5,24.0,21.5,13.8,12.9,11.5
506,21.6,13.9,23.9,13.3,10.6,31.0,30.8
507,17.8,13.8,14.8,22.6,16.3,13.7,21.3
508,27.1,23.4,23.8,11.5,29.3,29.6,16.6
509,21.1,31.8,26.7,23.2,13.1,13.8,12.7
510,21.6,11.2,22.7,13.4,10.9,28.1,27.2
511,23.9,22.2,25.8,10.8,29.3,26.4,12.8
512,11.6,15.8,14.0,21.1,25.3,14.5,20.6
513,19.7,29.5,29.7,20.6,12.5,13.0,9.0
514,29.1,21.5,24.8,12.6,31.1,26.3,14.0
515,26.1,24.0,22.7,8.4,30.4,28.4,13.6
516,21.9,7.4,21.3,13.9,10.7,25.2,31.3
517,21.4,12.5,21.3,14.0,9.5,32.4,29.0
518,15.0,17.3,17.2,20.9,26.1,15.6,22.1
519,11.8,18.4,18.8,21.7,24.7,14.2,16.4
520,23.7,10.9,24.8,12.7,10.1,29.8,31.4
521,16.3,28.2,23.1,22.4,9.0,12.4,10.7
522,12.6,13.2,18.1,18.9,17.6,13.9,20.0
523,15.7,17.8,16.4,18.5,24.0,12.7,17.4
524,16.1,16.3,18.7,19.8,16.6,15.0,23.3
525,15.2,12.4,13.6,22.3,20.4,14.6,21.6
526,21.8,8.3,22.3,12.2,9.5,29.0,26.4
527,24.3,8.5,21.8,14.1,10.3,27.7,29.6
528,21.2,11.5,20.1,11.2,11.9,28.3,28.0
529,27.2,21.2,24.3,11.1,29.6,28.5,14.8
530,11.1,12.8,16.4,23.2,19.2,16.5,21.4
531,13.5,14.3,15.4,20.3,18.8,15.4,20.0
532,13.4,12.6,16.5,19.1,18.9,16.6,21.9
533,12.7,10.4,17.8,21.1,19.3,13.5,24.3
534,14.0,14.2,18.5,21.4,26.1,13.1,20.5
535,20.6,8.5,21.6,10.5,10.4,28.5,28.3
536,16.4,29.9,23.8,20.1,16.7,12.7,10.2
537,12.8,13.8,14.2,22.2,19.6,15.4,21.5
538,15.9,27.8,26.9,22.6,12.6,14.4,13.1
539,22.8,9.3,23.2,13.2,11.3,27.7,28.7
540,15.8,29.5,25.2,21.8,14.3,11.3,12.8
541,14.6,14.6,17.3,18.3,26.6,13.6,20.3
542,12.6,11.0,15.9,21.9,16.7,16.0,22.8
543,15.1,29.1,23.9,21.1,14.0,12.2,10.4
544,16.4,28.0,28.2,23.4,11.9,13.4,10.6
545,15.0,12.7,16.1,20.6,17.9,17.6,21.9
546,13.0,15.0,17.7,17.3,25.4,13.2,19.5
547,12.1,12.0,18.0,18.2,20.5,14.5,21.2
548,11.4,13.9,18.1,18.6,25.0,14.9,18.0
549,18.3,27.6,25.6,21.7,12.5,11.8,10.6
550,14.4,14.4,17.2,20.5,26.2,14.6,21.9
551,27.3,19.9,23.8,8.3,27.3,28.5,13.8
552,13.8,30.4,25.1,19.5,10.5,11.8,12.4
553,11.8,13.7,13.0,19.5,17.2,15.5,21.9
554,15.2,16.7,15.3,19.0,25.3,12.2,20.1
555,15.2,16.5,16.5,20.7,18.9,17.6,24.0
556,14.1,14.0,13.7,19.8,21.2,15.1,22.3
557,28.2,22.9,23.4,10.1,27.6,26.1,12.7
558,26.5,21.4,23.2,7.4,30.5,28.5,12.0
559,16.4,30.6,26.9,18.6,12.1,13.2,12.9
560,16.5,28.3,22.1,20.8,15.6,12.6,10.7
561,14.6,12.0,13.5,18.2,18.2,16.7,20.6
562,14.5,27.6,26.7,21.9,10.6,11.5,9.7
563,26.1,20.6,23.7,12.8,28.6,26.6,14.4
564,22.8,12.5,21.7,8.5,10.1,30.8,29.3
565,16.8,28.3,23.4,21.1,11.0,12.8,11.2
566,21.3,10.0,25.1,11.2,11.2,26.8,31.3
567,26.9,23.8,21.3,8.5,29.9,24.5,12.5
568,19.6,11.6,23.1,12.5,10.8,29.4,29.1
569,13.1,12.4,17.1,20.6,17.6,17.3,22.6
570,21.5,11.5,21.8,16.4,11.6,28.3,29.8
571,28.9,19.2,24.3,13.1,30.3,27.1,15.6
572,21.9,13.4,21.3,15.9,10.7,30.0,28.5
573,16.3,26.8,24.2,20.3,12.9,13.1,9.2
574,22.7,7.0,20.3,14.8,9.9,29.3,27.4
575,16.9,29.8,26.5,23.4,13.2,12.4,11.8
576,14.8,12.2,18.2,19.8,18.5,15.3,23.0
577,28.1,23.2,23.9,8.6,29.6,28.1,15.2
578,16.4,26.7,24.2,18.8,13.5,12.7,13.0
579,26.2,22.1,24.7,12.2,29.8,27.6,15.2
580,22.0,10.9,23.4,12.8,11.8,28.2,28.0
581,13.3,14.5,18.7,17.0,27.5,14.5,20.0
582,19.0,12.1,24.5,12.3,8.8,28.5,27.9
583,28.0,23.9,26.6,8.1,29.8,28.8,11.7
584,24.0,9.7,21.7,13.9,11.9,29.0,27.4
585,26.7,22.7,23.6,13.6,29.0,27.2,15.7
586,27.9,22.8,25.0,8.8,28.1,25.6,13.9
587,13.4,17.5,19.6,18.7,29.5,10.9,20.8
588,16.8,28.5,22.0,24.1,14.4,12.9,11.5
589,22.9,10.6,19.6,13.9,12.8,30.9,28.7
590,12.7,18.1,17.9,21.2,27.3,13.2,19.1
591,10.1,14.0,14.3,21.4,19.7,15.6,22.0
592,11.1,16.4,19.5,16.9,25.8,14.2,18.4
593,23.1,12.8,23.8,12.6,12.2,26.4,28.3
594,13.5,13.9,15.1,21.1,21.8,13.2,23.1
595,16.8,14.1,18.4,22.6,19.3,17.0,23.2
596,18.3,27.1,26.7,23.1,13.7,12.1,11.6
597,23.0,10.0,17.5,13.6,10.5,29.6,32.3
598,12.9,17.2,12.1,21.5,16.0,15.5,22.1
599,12.0,14.1,16.0,21.2,16.2,15.8,25.4
600,26.9,24.1,23.6,9.9,24.2,27.3,12.3
601,16.8,31.8,26.4,24.7,13.0,14.6,9.0
602,13.0,16.3,17.5,18.6,24.2,12.8,20.4
603,12.3,13.9,17.8,18.4,25.0,14.2,19.3
604,15.2,14.0,15.7,17.8,16.7,18.5,19.5
605,22.2,10.0,20.9,9.7,11.0,31.1,28.0
606,16.9,28.7,24.0,21.0,12.5,12.5,9.9
607,24.3,22.3,22.4,12.8,29.8,26.3,16.1
608,13.3,13.5,17.0,20.9,26.6,11.0,20.6
609,19.2,30.6,24.9,20.4,12.7,15.4,12.5
610,13.4,14.5,16.4,18.3,25.3,16.0,19.8
611,23.8,14.2,23.9,11.5,12.5,30.5,28.7
612,12.1,14.0,18.1,23.2,18.7,15.5,22.6
613,18.2,29.1,26.1,22.7,13.2,16.5,11.8
614,22.1,11.6,21.4,14.2,14.1,27.9,31.8
615,15.3,18.6,15.5,17.4,25.3,12.8,20.6
616,18.4,30.9,24.2,22.2,11.6,11.2,8.7
617,14.2,12.1,14.3,21.1,18.0,18.6,23.7
618,15.6,10.2,17.7,22.1,18.6,13.9,23.8
619,13.5,10.9,17.3,18.1,16.8,15.5,22.4
620,15.2,15.7,15.9,17.4,27.0,13.9,21.7
621,13.1,14.1,14.1,19.4,18.7,15.4,23.1
622,11.8,14.4,16.4,21.5,16.4,14.1,24.0
623,16.1,28.2,25.7,22.1,14.1,15.8,11.5
624,17.6,29.7,24.5,21.2,13.4,14.4,10.5
625,29.1,20.3,23.6,11.2,28.6,27.8,16.3
626,12.4,15.3,16.7,21.3,25.2,14.1,20.2
627,20.8,14.8,23.1,12.1,13.4,27.5,28.5
628,12.9,14.2,16.5,18.6,18.1,19.9,20.4
629,20.4,11.3,23.7,13.1,9.8,29.7,28.1
630,13.2,19.7,15.3,17.0,26.2,15.8,19.3
631,22.5,7.6,21.4,15.1,14.4,29.4,27.9
632,14.2,30.3,23.2,22.0,14.6,11.7,11.3
633,27.2,21.1,25.1,9.3,28.6,28.4,13.1
634,29.0,21.6,23.0,11.5,28.7,28.2,13.3
635,22.2,9.7,23.9,12.5,12.3,27.1,30.5
636,21.5,14.1,23.5,14.9,12.0,28.4,28.9
637,13.7,11.3,16.6,20.1,20.7,18.0,24.4
638,24.6,9.8,21.1,12.1,13.0,27.1,29.3
639,26.4,22.7,23.8,10.4,30.6,25.3,16.2
640,27.4,24.2,26.9,11.5,30.3,25.4,14.8
641,14.9,18.2,18.1,17.5,26.6,12.7,19.8
642,12.0,13.2,13.6,21.3,18.9,17.0,19.6
643,16.7,25.3,25.7,22.6,13.0,13.5,11.6
644,13.5,14.0,17.1,18.8,20.5,18.4,24.0
645,17.9,27.8,27.4,22.5,13.7,14.1,10.3
646,24.9,23.9,27.0,9.7,29.3,24.9,14.3
647,16.9,29.3,23.1,21.2,14.0,14.8,15.6
648,12.8,17.2,16.2,18.7,24.1,12.4,18.9
649,23.6,12.1,20.4,13.3,12.8,27.1,29.9
650,14.0,15.8,15.2,20.7,24.6,14.1,20.2
651,22.6,11.0,21.0,13.4,13.1,29.3,30.3
652,13.5,13.9,16.4,19.3,20.9,17.7,24.0
653,11.3,15.1,19.5,19.6,27.0,14.4,21.5
654,20.9,11.8,22.1,12.2,12.2,30.0,28.8
655,16.9,28.1,25.8,23.6,14.3,12.0,14.8
656,15.5,13.9,14.3,19.7,21.2,15.7,17.2
657,24.5,21.2,24.0,10.1,27.5,27.3,14.8
658,18.3,29.5,22.1,20.6,14.7,14.0,12.2
659,11.9,15.6,17.8,20.9,26.9,15.2,19.6
660,19.8,25.3,23.4,20.6,12.8,13.0,9.6
661,26.3,20.5,23.0,11.7,28.5,26.4,15.3
662,27.7,24.2,22.0,8.8,28.7,25.4,13.0
663,26.9,22.6,24.9,8.5,31.1,26.2,13.8
664,17.3,29.2,28.5,20.3,15.2,9.1,8.0
665,25.9,22.8,26.9,10.7,29.6,25.2,16.3
666,21.2,12.1,22.3,11.6,14.1,30.4,29.4
667,14.2,14.6,17.2,20.6,26.5,13.3,18.0
668,20.4,10.3,23.1,13.6,11.6,27.5,29.2
669,11.5,14.6,15.1,20.5,22.4,14.7,19.0
670,17.5,28.7,25.2,20.1,14.8,17.3,13.0
671,23.0,21.8,25.5,11.6,29.9,25.0,14.8
672,13.2,12.8,17.1,21.4,17.8,12.8,21.3
673,17.4,27.4,25.4,23.1,12.7,16.2,10.7
674,21.4,11.2,22.9,10.4,14.5,27.8,29.3
675,12.1,16.6,19.4,18.9,25.2,15.2,18.6
676,25.0,23.4,24.9,13.8,27.8,26.3,14.1
677,14.0,15.7,14.6,20.1,17.0,14.3,22.8
678,17.8,28.6,25.6,21.6,12.6,15.0,10.7
679,15.3,29.1,24.8,23.1,11.1,15.4,11.5
680,13.8,16.7,16.7,19.5,27.3,14.7,23.1
681,24.2,22.9,24.7,7.9,31.6,29.2,13.1
682,13.1,17.7,18.0,18.0,28.0,15.0,17.5
683,26.1,23.0,23.1,10.8,25.8,30.7,13.8
684,14.0,15.0,16.1,18.2,24.6,14.8,17.5
685,19.5,26.0,27.0,21.5,13.1,12.1,11.1
686,11.6,15.3,16.8,19.3,27.2,14.4,20.1
687,22.1,12.7,18.8,15.8,10.7,29.7,30.2
688,27.2,21.1,25.5,9.0,27.7,27.5,12.2
689,13.5,16.0,18.0,21.7,17.2,16.4,23.1
690,11.4,15.3,18.1,18.0,23.8,11.2,19.4
691,13.4,12.7,18.7,20.1,20.6,17.3,21.9
692,13.9,13.4,16.9,18.3,18.9,17.5,23.1
693,20.4,10.3,17.5,14.6,11.0,25.4,27.1
694,12.7,17.5,16.6,18.6,28.5,13.8,19.3
695,23.3,11.3,22.9,12.9,10.0,30.7,29.8
696,19.4,30.2,25.4,22.1,11.0,11.9,10.6
697,14.3,12.9,15.0,22.7,18.5,16.5,23.4
698,22.8,8.5,20.1,16.6,10.5,30.1,31.9
699,15.3,15.1,15.5,21.5,17.8,16.6,20.3
700,28.5,22.9,24.2,8.2,30.1,27.7,17.7
701,21.8,10.4,21.1,15.1,9.2,29.4,28.8
702,23.6,11.7,23.7,13.5,12.5,29.1,27.8
703,16.1,30.3,25.1,20.4,13.0,14.6,12.4
704,27.5,19.7,22.5,10.1,25.4,27.8,10.6
705,16.8,30.3,22.5,22.7,11.6,15.0,10.8
706,13.0,13.3,17.6,18.6,24.6,17.7,22.2
707,21.6,29.2,22.5,21.9,11.7,14.6,11.2
708,23.0,11.0,20.1,13.7,10.7,30.3,29.5
709,11.9,14.0,14.6,20.4,19.1,15.6,21.5
710,22.8,11.2,22.7,12.7,10.4,28.3,30.1
711,27.8,20.6,23.2,10.4,30.8,25.1,13.0
712,21.1,10.7,24.9,14.1,11.3,28.2,30.1
713,28.2,21.7,23.3,8.5,26.8,23.7,15.1
714,30.1,20.9,22.7,8.8,29.0,28.8,15.0
715,21.4,11.6,20.3,12.7,11.1,27.1,28.1
716,27.7,20.8,27.5,8.6,30.2,25.5,13.7
717,18.0,10.5,21.3,13.6,11.4,30.9,33.2
718,12.9,13.2,15.3,19.7,16.1,13.8,22.4
719,10.8,14.1,16.1,17.5,25.5,13.1,20.8
720,19.8,10.6,21.2,13.6,11.3,31.0,29.2
721,14.3,12.5,15.4,18.6,18.4,16.1,18.2
722,11.8,17.6,17.0,18.3,23.3,13.9,19.5
723,16.1,14.8,14.8,23.0,18.7,15.4,21.7
724,18.5,28.8,23.4,25.4,12.1,14.9,13.6
725,14.4,17.6,17.0,20.9,24.9,14.2,21.1
726,13.3,16.6,18.7,17.7,27.8,14.5,21.2
727,30.3,23.7,23.5,8.5,29.4,25.8,12.0
728,21.3,12.7,22.0,10.3,9.0,29.6,29.2
729,22.5,10.4,20.8,12.5,12.4,29.5,30.8
730,14.2,16.1,19.2,19.7,28.0,13.3,20.5
731,28.8,19.1,24.4,12.0,27.4,27.7,15.2
732,27.3,21.8,23.6,10.4,30.7,25.5,14.4
733,26.1,18.7,22.8,10.0,31.7,25.9,15.0
734,19.3,10.9,21.2,13.0,9.9,30.8,28.3
735,17.1,26.5,24.6,21.7,14.7,9.8,11.5
736,14.4,16.1,19.8,20.1,24.6,13.6,16.9
737,13.6,15.6,17.9,18.3,27.7,13.1,22.1
738,16.6,28.4,22.7,22.1,10.7,13.9,14.2
739,21.4,11.0,22.6,12.6,11.3,30.2,29.5
740,19.7,12.6,21.9,12.1,8.3,28.6,29.3
741,13.9,15.6,15.7,22.2,19.7,15.5,23.2
742,18.7,28.8,26.3,19.2,11.6,13.9,10.0
743,15.5,29.9,25.7,22.0,15.0,12.1,10.4
744,14.5,13.8,13.7,21.7,20.1,17.0,22.3
745,14.8,13.8,15.1,20.2,20.9,16.0,21.2
746,14.9,12.7,17.2,22.2,21.5,15.9,21.3
747,20.4,11.1,22.6,16.2,12.8,29.1,28.8
748,12.6,12.9,16.9,18.9,18.8,16.1,21.2
749,16.5,29.8,25.3,22.6,12.8,13.1,12.4
750,14.8,13.4,17.7,18.3,25.9,15.1,20.6
751,17.5,25.9,27.3,21.5,14.3,14.0,13.2
752,11.0,17.4,18.5,20.1,26.9,13.8,19.3
753,27.1,20.3,24.1,11.0,29.8,28.2,12.1
754,12.7,12.6,15.0,20.7,19.3,12.7,24.4
755,14.5,13.8,16.5,20.1,27.3,11.9,24.3
756,16.8,28.4,23.8,23.4,14.6,15.2,12.7
757,14.6,12.6,16.3,22.2,17.4,16.4,22.7
758,29.2,21.9,26.0,10.5,29.6,27.2,13.1
759,19.9,27.9,25.1,23.5,12.7,13.6,13.3
760,22.2,13.3,21.9,12.1,11.6,29.9,29.1
761,18.5,9.9,21.0,12.5,12.6,29.0,27.2
762,24.9,21.7,23.3,10.6,29.2,26.7,15.2
763,27.3,24.0,25.8,9.4,30.8,27.7,10.1
764,18.8,30.5,26.9,21.0,13.8,12.6,9.9
765,21.2,10.1,23.1,12.5,10.7,30.6,29.6
766,18.5,26.9,23.4,22.8,14.4,15.0,13.0
767,18.3,30.5,25.8,24.2,14.2,12.9,11.1
768,17.7,28.1,25.5,21.5,12.6,13.9,12.7
769,24.1,22.4,25.6,8.4,30.4,27.7,10.8
770,17.6,28.4,23.7,22.0,13.8,12.7,10.3
771,29.0,21.2,24.9,14.5,30.0,26.4,13.1
772,26.7,21.5,23.1,10.9,28.5,26.7,13.2
773,20.6,12.8,21.6,15.7,14.6,28.6,27.0
774,24.5,8.5,22.2,12.4,12.1,28.7,27.3
775,22.8,12.3,22.0,12.1,10.5,27.5,29.2
776,22.8,9.7,21.7,12.1,11.8,31.0,26.5
777,25.9,23.3,26.3,12.2,29.7,24.8,14.2
778,13.5,14.5,19.5,19.9,24.9,11.2,20.6
779,15.2,30.2,22.9,22.4,17.3,10.7,10.9
780,13.5,15.4,17.8,18.0,25.6,14.7,20.5
781,9.8,14.3,16.4,17.1,22.5,14.4,20.4
782,26.3,24.8,27.0,12.9,30.8,25.7,15.5
783,11.0,15.5,16.2,18.4,25.6,13.8,20.9
784,17.1,14.7,14.2,23.5,18.6,14.6,20.6
785,12.4,16.0,17.6,19.1,25.8,9.9,20.7
786,26.5,23.0,23.6,10.9,28.4,25.3,14.4
787,12.9,12.7,17.7,19.0,17.5,15.3,21.4
788,21.2,11.1,22.8,12.8,10.3,30.8,30.2
789,13.4,13.7,14.2,22.2,20.3,13.9,23.5
790,18.7,29.9,26.6,23.6,12.4,14.1,8.9
791,25.2,11.8,20.5,13.6,10.1,28.6,27.9
792,12.5,13.8,17.2,19.0,27.2,12.5,21.8
793,12.6,14.2,15.4,22.0,25.5,15.4,17.7
794,27.6,23.7,22.5,8.0,28.8,26.5,15.6
795,11.2,13.9,19.6,19.3,24.8,13.6,21.5
796,18.4,29.8,26.3,20.7,13.3,10.5,9.3
797,20.1,11.3,24.2,11.9,8.2,30.6,31.6
798,11.7,13.5,14.9,19.3,16.8,15.1,20.5
799,30.0,20.5,23.1,10.5,31.5,26.7,13.3
